Auteur,Description
Auteur,Description
Auteur,Description
Auteur,Description
Auteur,Description
Auteur,Description
Auteur,Description
Auteur,Description
Auteur,Description
Auteur,Description
Auteur,Description
super_auteur,super gossip
super_auteur,super gossip
super_auteur,super gossip
super_auteur,super gossip
super_auteur,super gossip
super_auteur,super gossip
super_auteur,super gossip
super_auteur,super gossip
super_auteur,super gossip
super_auteur,super gossip
super_auteur,super gossip
super_auteur,super gossip
super_auteur,super gossip
"",""
"",""
"",""
"",""
"",""
"",""
"",""
"",""
"",""
"",""
ezfefz,zrffezf
yohan,test
yohan,test2
